Keyword,Traffic Lift,Monthly Volume,Difficulty,We360.ai (rank),apploye.com (rank),clockify.me (rank),www.activtrak.com (rank)
workforce productivity platform,101,364,38,16,51,51,1
track remote employees,11,57,37,13,6,51,2
remote working monitoring software,9,174,43,16,6,51,9
workforce analytics software,9,47,35,15,14,51,2
employee efficiency,8,56,29,16,34,51,3
workforce analytics solution,8,33,38,10,51,51,1
user tracking software,8,30,42,16,17,51,1
user activity monitoring tools,7,35,37,20,33,51,2
productivity monitoring,6,27,48,7,20,43,1
employee spy software,5,20,46,18,19,51,1
measure of productivity,2,246,54,17,51,51,11
workforce tracking,2,25,41,20,27,51,4
formula for constant workforce planning,1,27,18,4,51,51,3
pc monitoring tools,1,25,39,10,5,51,13
remote screen monitoring software,1,22,39,10,21,51,5
tracking remote worker engagement,0,28,26,11,51,51,7
softwar for tracking people,0,27,41,18,19,51,13
pc monitoring tools with notifications,0,27,45,19,14,51,41
maximum productivity,0,20,36,14,51,51,8